文本前30字,出现次数
杭州平价又好吃的面包店，我一定推荐这家浙大博士开在浙大紫金港,2
#播放器 #复古 #8090后的小时候回忆 #复古手机 #m,2
一起去郊游吧～,1
北京最近的天是真不错 种草了很久亮马河边这家WAA甲板西餐精,1
从这个星期开始，我只要是探到真正值得打卡的店铺。不管人气与否,1
#好吃的干脆面,1
​​​,1
这家火锅第一次吃是两年前朋友推荐的，后来带了其他朋友去吃几乎,1
和姐妹约着西葛西的临海公园⛲️ 然后查了下！被种草了这家鱼蛙,1
卤味火锅作为川渝的特色美食广受各地吃货的喜爱.… 巴卤社是我,1
橡木盾粗粮面包 五颗星⭐，真全麦❗口味品种多，吐司欧包麻薯司,1
#面包 #测评 #推荐,1
说的浮夸一点，应该是我这辈子吃过最好吃的汉堡了！秒杀麦当当，,1
无意发现的宝藏大排档。 和男朋友一起去南半球牧村家吃铜锅涮羊,1
南京西路丰盛里新添一处港式宵夜大排档好去处‼️细记港九大排档,1
服务 食物 环境 超级好拍 适合和闺蜜打卡或者约会 食物也超,1
还有一周就七夕啦，正好整理一下这段时间种草的人均$60以内南,1
这一间千层蛋糕贼好吃啊最主要它每一层都是薄 然后奶油也很够！,1
ボルボ 240 ワゴン VOLVO 240 wagon 19,1
泡脚藕带真的绝,1
叮！啃啃的双十二手作面包活动攻略提醒～冲刺篇来喽，大家挑的差,1
话不多说，啃啃的攻略提醒又双叒上线啦！期末人又偷懒了，这次出,1
U3的招牌米面包我给它取了个外号 “人小鬼大” 推荐理由 因,1
#巧克力,1
上个月通过微信看到的形动力酸奶，翻趣杯正在搞活动，就买了几盒,1
2022的上半年错过了春日郊游，错过了每周必备的茉酸奶， 咕,1
✨集美们推荐的德国品牌JOOMA美仁巴旦木基植物酸奶，吃过以,1
【奶油号角】 ★★★★ 罗森尼娜家的网红产品，和蒜你狠齐名。,1
给大家种草最近在吃的马可先生杂粮面包 马可先生的名称源自德国,1
这些小蛋糕、小点心， 早餐、下午茶、解馋小零食、全能型.,1
